HoofdLijstID,HoofdBeantwoording,Beantwoording,VraagID,SubLijstID,SubBeantwoording,Type
CS00046009,1129573880,1129573880,NULL,CS00040654,1129573881,"S         "
CS00046009,1129573972,1129573972,NULL,CS00040654,1129573973,"S         "
CS00046739,1129574013,1129574013,NULL,CS00032148,1129574014,"S         "
CS00049624,1129573856,1129573856,1000080809,1000019673,1129573859,"M         "
CS00049624,1129574028,1129574028,1000080809,1000019673,1129574029,"M         "
CS00051146,1129573941,1129573941,NULL,CS00052183,1129573944,"S         "
CS00051146,1129573963,1129573963,NULL,CS00052183,1129573964,"S         "
CS00054792,1129573843,1129573843,NULL,CS00040658,1129573844,"S         "
CS00054792,1129573843,1129573843,NULL,CS00054819,1129573845,"S         "
CS00054794,1129573939,1129573939,NULL,CS00040665,1129573940,"S         "
CS00054794,1129573939,1129573939,NULL,CS00054821,1129573943,"S         "
CS00054794,1129573957,1129573957,NULL,CS00040665,1129573946,"S         "
CS00054794,1129573957,1129573957,NULL,CS00054821,1129573958,"S         "
CS00056864,1129573950,1129573950,NULL,CS00033976,1129573951,"S         "
CS00034527,1129574540,1129574540,NULL,CS00034528,1129574541,"S         "
CS00036296,1129574603,1129574606,NULL,CS00033976,1129574607,"S         "
CS00039438,1129570240,1129570240,NULL,CS00035727,1129570241,"S         "
CS00039438,1129574589,1129574589,NULL,CS00035727,1129574590,"S         "
CS00039438,1129574684,1129574684,NULL,CS00035727,1129574685,"S         "
CS00039438,1129574732,1129574732,NULL,CS00035727,1129574733,"S         "
CS00046739,1129574577,1129574577,NULL,CS00061042,1129574578,"S         "
CS00046739,1129574672,1129574672,NULL,CS00061042,1129574673,"S         "
CS00047840,1129568594,1129568594,CS00178153,CS00044981,1129568708,"I         "
CS00047840,1129568594,1129568594,CS00178144,CS00044973,1129569756,"I         "
CS00049624,1129574687,1129574687,1000080809,1000019673,1129574692,"M         "
CS00049624,1129574801,1129574801,1000080809,1000019673,1129574803,"M         "
CS00054791,1129574498,1129574498,NULL,CS00040655,1129574499,"S         "
CS00054791,1129574498,1129574498,NULL,CS00054801,1129574500,"S         "
CS00054792,1129574702,1129574702,NULL,CS00040658,1129573494,"S         "
CS00054792,1129574702,1129574702,NULL,CS00054819,1129574704,"S         "
CS00054792,1129574746,1129574746,NULL,CS00040658,1129574747,"S         "
CS00054792,1129574746,1129574746,NULL,CS00054819,1129574750,"S         "
CS00054792,1129574777,1129574777,NULL,CS00040658,1129574778,"S         "
CS00054792,1129574777,1129574777,NULL,CS00054819,1129574779,"S         "
CS00054793,1129574736,1129574736,NULL,CS00040662,1129574737,"S         "
CS00054793,1129574736,1129574736,NULL,CS00054820,1129574738,"S         "
CS00054794,1129574592,1129574592,NULL,CS00040665,1129574593,"S         "
CS00054794,1129574592,1129574592,NULL,CS00054821,1129574594,"S         "
CS00054794,1129574739,1129574739,NULL,CS00040665,1129574740,"S         "
CS00054794,1129574739,1129574739,NULL,CS00054821,1129574741,"S         "
CS00056766,1129570238,1129570238,NULL,CS00017875,1129570419,"S         "
CS00056766,1129570238,1129570238,NULL,CS00017876,1129570436,"S         "
CS00056766,1129570238,1129570238,NULL,CS00003964,1129570454,"S         "
CS00057697,1129574603,1129574603,NULL,CS00036296,1129574606,"S         "
CS00057731,1129574437,1129574437,CS00216124,CS00053046,1129574439,"M         "
CS00011632,1129575567,1129575567,NULL,CS00006734,1129575569,"S         "
CS00011632,1129575567,1129575567,NULL,CS00057436,1129575570,"S         "
CS00021612,1129575398,1129575398,NULL,CS00002507,1129575399,"S         "
CS00024880,1129575272,1129575272,NULL,CS00021565,1129575409,"S         "
CS00029019,1129574156,1129574156,NULL,CS00039602,1129575583,"S         "
CS00056766,1129573882,1129573882,NULL,CS00003964,1129573971,"S         "
CS00056766,1129573882,1129573882,NULL,CS00017875,1129573991,"S         "
CS00056766,1129573882,1129573882,NULL,CS00017876,1129574021,"S         "
CS00007437,1129574446,1129574446,NULL,CS00058099,1129574694,"S         "
CS00029019,1129574201,1129574201,NULL,CS00039602,1129574202,"S         "
CS00029019,1129574201,1129574201,NULL,CS00029022,1129574203,"S         "
CS00036296,1129574976,1129574977,NULL,CS00033976,1129574978,"S         "
CS00039438,1129574913,1129574913,NULL,CS00035727,1129574914,"S         "
CS00039438,1129574923,1129574923,NULL,CS00035727,1129574924,"S         "
CS00046009,1129574988,1129574988,NULL,CS00040654,1129574989,"S         "
CS00047459,1129574836,1129574836,NULL,CS00025924,1129574837,"S         "
CS00049238,1129574443,1129574443,NULL,CS00003580,1129574444,"S         "
CS00049624,1129574791,1129574791,1000080809,1000019673,1129574792,"M         "
CS00049624,1129574851,1129574851,1000080809,1000019673,1129574852,"M         "
CS00049624,1129574872,1129574872,ZH00001341,ZH00000137,1129574873,"M         "
CS00049624,1129574883,1129574883,ZH00001341,ZH00000137,1129574885,"M         "
CS00049624,1129574884,1129574884,1000080809,1000019673,1129574887,"M         "
CS00049624,1129574925,1129574925,1000080809,1000019673,1129574926,"M         "
CS00049624,1129574961,1129574961,1000080809,1000019673,1129574963,"M         "
CS00054791,1129574953,1129574953,NULL,CS00040655,1129574954,"S         "
CS00054791,1129574953,1129574953,NULL,CS00054801,1129574955,"S         "
CS00054792,1129574177,1129574177,NULL,CS00040658,1129574178,"S         "
CS00054792,1129574177,1129574177,NULL,CS00054819,1129574179,"S         "
CS00054792,1129574896,1129574896,NULL,CS00040658,1129574897,"S         "
CS00054792,1129574896,1129574896,NULL,CS00054819,1129574898,"S         "
CS00054793,1129575025,1129575025,NULL,CS00040662,1129575026,"S         "
CS00054793,1129575025,1129575025,NULL,CS00054820,1129575027,"S         "
CS00056766,1129569688,1129569688,NULL,CS00056109,1129574890,"S         "
CS00057697,1129574976,1129574976,NULL,CS00036296,1129574977,"S         "
CS00029019,1129520859,1129520859,NULL,CS00029022,1129570434,"S         "
CS00034527,1129575154,1129575154,NULL,CS00034528,1129575155,"S         "
CS00036296,1129575191,1129575191,NULL,CS00033976,1129575197,"S         "
CS00039438,1129575081,1129575081,NULL,CS00035727,1129575082,"S         "
CS00039438,1129575086,1129575086,NULL,CS00035727,1129575087,"S         "
CS00039438,1129575259,1129575259,NULL,CS00035727,1129575260,"S         "
CS00046009,1129575052,1129575052,NULL,CS00040654,1129575053,"S         "
CS00049624,1129575057,1129575057,1000080809,1000019673,1129575058,"M         "
CS00049624,1129575135,1129575135,1000080809,1000019673,1129575217,"M         "
CS00054792,1129575165,1129575165,NULL,CS00040658,1129575166,"S         "
CS00054792,1129575165,1129575165,NULL,CS00054819,1129575167,"S         "
CS00054792,1129575212,1129575212,NULL,CS00040658,1129575213,"S         "
CS00054792,1129575212,1129575212,NULL,CS00054819,1129575214,"S         "
CS00054792,1129575274,1129575274,NULL,CS00040658,1129575275,"S         "
CS00054792,1129575274,1129575274,NULL,CS00054819,1129575276,"S         "
CS00054793,1129575150,1129575150,NULL,CS00040662,1129575151,"S         "
CS00054793,1129575150,1129575150,NULL,CS00054820,1129575152,"S         "
CS00054793,1129575168,1129575168,NULL,CS00040662,1129575169,"S         "
CS00054793,1129575168,1129575168,NULL,CS00054820,1129575170,"S         "
CS00054793,1129575207,1129575207,NULL,CS00040662,1129575208,"S         "
CS00054793,1129575207,1129575207,NULL,CS00054820,1129575209,"S         "
CS00029019,1129574212,1129574212,NULL,CS00039602,1129574213,"S         "
CS00036296,1129574240,1129574240,NULL,CS00033976,1129574266,"S         "
CS00038793,1129574133,1129574133,CS00149380,CS00038794,1129574487,"M         "
CS00039438,1129574377,1129574377,NULL,CS00035727,1129574378,"S         "
CS00039438,1129574504,1129574504,NULL,CS00035727,1129574508,"S         "
CS00046009,1129574310,1129574310,NULL,CS00040654,1129574311,"S         "
CS00046009,1129574428,1129574428,NULL,CS00040654,1129574429,"S         "
CS00049624,1129574229,1129574229,1000080809,1000019673,1129574232,"M         "
CS00049624,1129574313,1129574313,1000080809,1000019673,1129574316,"M         "
CS00049624,1129574424,1129574424,1000080809,1000019673,1129574425,"M         "
CS00049624,1129574438,1129574438,ZH00001341,ZH00000137,1129574441,"M         "
CS00052424,1129574287,1129574287,NULL,CS00054437,1129574289,"S         "
CS00054791,1129574418,1129574418,NULL,CS00040655,1129574419,"S         "
CS00054791,1129574418,1129574418,NULL,CS00054801,1129574420,"S         "
CS00054792,1129574317,1129574317,NULL,CS00040658,1129574318,"S         "
CS00054792,1129574317,1129574317,NULL,CS00054819,1129574319,"S         "
CS00054793,1129574127,1129574127,NULL,CS00040662,1129574128,"S         "
CS00054793,1129574127,1129574127,NULL,CS00054820,1129574129,"S         "
CS00054793,1129574332,1129574332,NULL,CS00040662,1129574333,"S         "
CS00054793,1129574332,1129574332,NULL,CS00054820,1129574334,"S         "
CS00054793,1129574493,1129574493,NULL,CS00040662,1129574494,"S         "
CS00054793,1129574493,1129574493,NULL,CS00054820,1129574495,"S         "
CS00054794,1129574280,1129574280,NULL,CS00040665,1129574281,"S         "
CS00054794,1129574280,1129574280,NULL,CS00054821,1129574282,"S         "
CS00054794,1129574400,1129574400,NULL,CS00040665,1129574401,"S         "
CS00054794,1129574400,1129574400,NULL,CS00054821,1129574402,"S         "
CS00054794,1129574407,1129574407,NULL,CS00040665,1129574408,"S         "
CS00054794,1129574407,1129574407,NULL,CS00054821,1129574410,"S         "
CS00061414,1129574346,1129574346,NULL,CS00054821,1129574347,"S         "
CS00054794,1129575264,1129575264,NULL,CS00040665,1129575261,"S         "
CS00054794,1129575264,1129575264,NULL,CS00054821,1129575265,"S         "
CS00056766,1129572587,1129572587,NULL,CS00044142,1129574783,"S         "
CS00056766,1129572587,1129572587,NULL,CS00044144,1129574784,"S         "
CS00056766,1129572587,1129572587,NULL,CS00044146,1129574785,"S         "
ZH00000566,1127641303,1127641303,ZH00002296,ZH00000550,1129575019,"M         "
CS00000026,1129575777,1129575777,NULL,CS00044142,1129575778,"S         "
CS00000026,1129575777,1129575777,NULL,CS00044144,1129575779,"S         "
CS00000026,1129575777,1129575777,NULL,CS00044146,1129575780,"S         "
CS00000026,1129575829,1129575829,NULL,CS00044142,1129575830,"S         "
CS00003469,1129571367,1129571367,NULL,CS00058100,1129575806,"S         "
CS00021610,1129575782,1129575782,CS00054150,CS00014339,1129575807,"I         "
CS00021610,1129575782,1129575782,CS00079308,CS00021612,1129575811,"I         "
CS00021610,1129575782,1129575782,CS00079302,CS00021613,1129575840,"I         "
CS00021612,1129575782,1129575811,NULL,CS00002507,1129575812,"S         "
CS00023413,1129575659,1129575659,NULL,CS00033976,1129575662,"S         "
CS00024880,1129575500,1129575500,NULL,CS00021565,1129575750,"S         "
CS00029019,1129575440,1129575440,NULL,CS00039602,1129575441,"S         "
CS00029019,1129575440,1129575440,NULL,CS00029022,1129575442,"S         "
CS00029019,1129575620,1129575620,NULL,CS00039602,1129575622,"S         "
CS00034527,1129575928,1129575928,NULL,CS00034528,1129575929,"S         "
CS00029019,1129574156,1129574156,NULL,CS00029022,1129575584,"S         "
CS00029019,1129574655,1129574655,NULL,CS00039602,1129574656,"S         "
CS00039258,1129575310,1129575310,NULL,CS00052231,1129575311,"S         "
CS00039438,1129575454,1129575454,NULL,CS00035727,1129575455,"S         "
CS00039438,1129575628,1129575628,NULL,CS00035727,1129575630,"S         "
CS00039438,1129575631,1129575631,NULL,CS00035727,1129575632,"S         "
CS00043281,1129575449,1129575449,CS00171472,NULL,1129575450,"M         "
CS00046739,1129575387,1129575387,NULL,CS00061042,1129575388,"S         "
CS00047459,1129575337,1129575337,NULL,CS00025924,1129575339,"S         "
CS00049624,1129574229,1129574229,ZH00000762,ZH00000234,1129575419,"M         "
CS00049624,1129575456,1129575456,ZH00001341,ZH00000137,1129575457,"M         "
CS00054791,1129575509,1129575509,NULL,CS00040655,1129575510,"S         "
CS00054791,1129575509,1129575509,NULL,CS00054801,1129575511,"S         "
CS00054792,1129575267,1129575267,NULL,CS00040658,1129575268,"S         "
CS00054792,1129575267,1129575267,NULL,CS00054819,1129575269,"S         "
CS00054792,1129575291,1129575291,NULL,CS00040658,1129575292,"S         "
CS00054792,1129575291,1129575291,NULL,CS00054819,1129575293,"S         "
CS00054792,1129575356,1129575356,NULL,CS00040658,1129575357,"S         "
CS00054792,1129575356,1129575356,NULL,CS00054819,1129575358,"S         "
CS00054792,1129575451,1129575451,NULL,CS00040658,1129575452,"S         "
CS00054792,1129575451,1129575451,NULL,CS00054819,1129575453,"S         "
CS00054793,1129575502,1129575502,NULL,CS00040662,1129575503,"S         "
CS00054793,1129575502,1129575502,NULL,CS00054820,1129575504,"S         "
CS00054794,1129575319,1129575319,NULL,CS00040665,1129575320,"S         "
CS00054794,1129575319,1129575319,NULL,CS00054821,1129575321,"S         "
CS00056417,1129575493,1129575493,NULL,CS00041681,1129575494,"S         "
CS00056766,1129575085,1129575085,NULL,CS00044142,1129575294,"S         "
CS00056766,1129575085,1129575085,NULL,CS00044144,1129575295,"S         "
CS00056766,1129575085,1129575085,NULL,CS00044146,1129575296,"S         "
CS00056766,1129575085,1129575085,NULL,CS00003964,1129575420,"S         "
CS00056766,1129575085,1129575085,NULL,CS00017875,1129575461,"S         "
CS00056766,1129575085,1129575085,NULL,CS00017876,1129575471,"S         "
CS00056864,1129575491,1129575491,NULL,CS00033976,1129575492,"S         "
CS00057731,1129575465,1129575465,CS00216124,CS00053046,1129575466,"M         "
CS00061411,1129575484,1129575484,NULL,CS00054819,1129575485,"S         "
1000016962,1129488445,1129488445,NULL,1000016965,1129576735,"S         "
CS00002516,1129417550,1129417550,NULL,CS00021383,1129576695,"S         "
CS00015256,1129576144,1129576144,CS00212814,CS00026732,1129576293,"M         "
CS00015507,1129575401,1129575401,CS00264783,CS00004233,1129576116,"I         "
CS00021612,1129576332,1129576332,NULL,CS00002507,1129576335,"S         "
CS00021612,1129576643,1129576643,NULL,CS00002507,1129576644,"S         "
CS00023413,1129576578,1129576578,NULL,CS00033976,1129576580,"S         "
CS00029019,1129575008,1129575008,NULL,CS00039602,1129575009,"S         "
CS00029019,1129575008,1129575008,NULL,CS00029022,1129575010,"S         "
CS00029019,1129575606,1129575606,NULL,CS00039602,1129575607,"S         "
CS00029019,1129575606,1129575606,NULL,CS00029022,1129575608,"S         "
CS00036296,1129565556,1129565556,NULL,CS00033976,1129576355,"S         "
CS00036296,1129575445,1129575445,NULL,CS00033976,1129575448,"S         "
CS00036296,1129576432,1129576432,NULL,CS00033976,1129576466,"S         "
CS00036296,1129576861,1129576861,NULL,CS00033976,1129576883,"S         "
CS00036296,1129575713,1129575713,NULL,CS00033976,1129575788,"S         "
CS00036296,1129575732,1129575732,NULL,CS00033976,1129575751,"S         "
CS00036296,1129575755,1129575755,NULL,CS00033976,1129575803,"S         "
CS00038793,1129575758,1129575758,CS00149380,CS00038794,1129575817,"M         "
CS00039438,1129573775,1129573775,NULL,CS00035727,1129573776,"S         "
CS00039438,1129575641,1129575641,NULL,CS00035727,1129575642,"S         "
CS00039438,1129575845,1129575845,NULL,CS00035727,1129575846,"S         "
CS00039438,1129575906,1129575906,NULL,CS00035727,1129575907,"S         "
CS00043281,1129575652,1129575652,CS00171472,NULL,1129575653,"M         "
CS00046739,1129575717,1129575717,NULL,CS00061042,1129575718,"S         "
CS00049238,1129571582,1129571582,NULL,CS00019014,1129571583,"S         "
CS00049238,1129575391,1129575391,NULL,CS00003580,1129575392,"S         "
CS00049624,1129575892,1129575892,1000080809,1000019673,1129575893,"M         "
CS00054791,1129575813,1129575813,NULL,CS00040655,1129575814,"S         "
CS00054791,1129575813,1129575813,NULL,CS00054801,1129575815,"S         "
CS00054792,1129575740,1129575740,NULL,CS00040658,1129575741,"S         "
CS00054792,1129575740,1129575740,NULL,CS00054819,1129575742,"S         "
CS00054792,1129575764,1129575764,NULL,CS00040658,1129575765,"S         "
CS00054792,1129575764,1129575764,NULL,CS00054819,1129575766,"S         "
CS00054792,1129575888,1129575888,NULL,CS00040658,1129575889,"S         "
CS00054792,1129575888,1129575888,NULL,CS00054819,1129575891,"S         "
CS00054792,1129575911,1129575911,NULL,CS00040658,1129575912,"S         "
CS00054792,1129575911,1129575911,NULL,CS00054819,1129575913,"S         "
CS00054793,1129575553,1129575553,NULL,CS00040662,1129575554,"S         "
CS00054793,1129575553,1129575553,NULL,CS00054820,1129575555,"S         "
CS00054793,1129575708,1129575708,NULL,CS00040662,1129575709,"S         "
CS00054793,1129575708,1129575708,NULL,CS00054820,1129575710,"S         "
CS00054793,1129575823,1129575823,NULL,CS00040662,1129575824,"S         "
CS00054793,1129575823,1129575823,NULL,CS00054820,1129575825,"S         "
CS00054794,1129575886,1129575886,NULL,CS00040665,1129575887,"S         "
CS00054794,1129575886,1129575886,NULL,CS00054821,1129575890,"S         "
CS00056766,1129573774,1129573774,NULL,CS00003964,1129573795,"S         "
CS00056766,1129573774,1129573774,NULL,CS00044142,1129573806,"S         "
CS00056766,1129573774,1129573774,NULL,CS00044144,1129573807,"S         "
CS00056766,1129573774,1129573774,NULL,CS00044146,1129573808,"S         "
CS00056766,1129573774,1129573774,NULL,CS00017875,1129573819,"S         "
CS00056766,1129573774,1129573774,NULL,CS00017876,1129573828,"S         "
CS00039258,1129576097,1129576097,NULL,CS00052231,1129576098,"S         "
CS00039258,1129576926,1129576926,NULL,CS00052231,1129576927,"S         "
CS00039438,1129572418,1129572418,NULL,CS00035727,1129572419,"S         "
CS00039438,1129576283,1129576283,NULL,CS00035727,1129576284,"S         "
CS00039438,1129576286,1129576286,NULL,CS00035727,1129576288,"S         "
CS00039438,1129576864,1129576864,NULL,CS00035727,1129576865,"S         "
CS00039438,1129576881,1129576881,NULL,CS00035727,1129576882,"S         "
CS00039438,1129576889,1129576889,NULL,CS00035727,1129576890,"S         "
CS00039438,1129576902,1129576902,NULL,CS00035727,1129576903,"S         "
CS00046009,1129576755,1129576755,NULL,CS00040654,1129576756,"S         "
CS00046739,1129576711,1129576711,NULL,CS00061042,1129576712,"S         "
CS00046739,1129576852,1129576852,NULL,CS00061042,1129576853,"S         "
CS00047840,1129576704,1129576704,NULL,CS00052291,1129576706,"S         "
CS00049624,1129575763,1129575763,1000080809,1000019673,1129576931,"M         "
CS00007437,1129571592,1129571592,NULL,CS00058099,1129575693,"S         "
CS00015256,1129575901,1129575901,CS00212814,CS00026732,1129575940,"M         "
CS00021610,1129576114,1129576114,CS00054150,CS00014339,1129576115,"I         "
CS00021610,1129576114,1129576114,CS00079308,CS00021612,1129576122,"I         "
CS00021612,1129576114,1129576122,NULL,CS00002507,1129576123,"S         "
CS00023413,1129576025,1129576025,NULL,CS00033976,1129576026,"S         "
CS00029019,1129574855,1129574855,NULL,CS00039602,1129574856,"S         "
CS00029019,1129574855,1129574855,NULL,CS00029022,1129574857,"S         "
CS00029019,1129575001,1129575001,NULL,CS00039602,1129575002,"S         "
CS00029019,1129575182,1129575182,NULL,CS00039602,1129575183,"S         "
CS00029019,1129575182,1129575182,NULL,CS00029022,1129575184,"S         "
CS00032488,1129574994,1129574994,NULL,CS00044142,1129574997,"S         "
CS00032488,1129574994,1129574994,NULL,CS00044144,1129574998,"S         "
CS00032488,1129574994,1129574994,NULL,CS00044146,1129574999,"S         "
CS00034593,1129575699,1129575699,CS00256544,CS00060650,1129576090,"I         "
CS00036296,1129575920,1129575920,NULL,CS00033976,1129575941,"S         "
CS00036296,1129575926,1129575926,NULL,CS00033976,1129575974,"S         "
CS00036296,1129576031,1129576031,NULL,CS00033976,1129576050,"S         "
CS00039438,1129576088,1129576088,NULL,CS00035727,1129576089,"S         "
CS00039438,1129576165,1129576165,NULL,CS00035727,1129576166,"S         "
CS00039438,1129576250,1129576250,NULL,CS00035727,1129576251,"S         "
CS00049624,1129575969,1129575969,1000080809,1000019673,1129575970,"M         "
CS00054792,1129575943,1129575943,NULL,CS00040658,1129575944,"S         "
CS00054792,1129575943,1129575943,NULL,CS00054819,1129575945,"S         "
CS00054793,1129576019,1129576019,NULL,CS00040662,1129576020,"S         "
CS00054793,1129576019,1129576019,NULL,CS00054820,1129576022,"S         "
CS00054794,1129576006,1129576006,NULL,CS00040665,1129576007,"S         "
CS00054794,1129576006,1129576006,NULL,CS00054821,1129576008,"S         "
CS00054794,1129576091,1129576091,NULL,CS00040665,1129576092,"S         "
CS00054794,1129576091,1129576091,NULL,CS00054821,1129576094,"S         "
CS00054794,1129576181,1129576181,NULL,CS00040665,1129576182,"S         "
CS00054794,1129576181,1129576181,NULL,CS00054821,1129576185,"S         "
CS00061411,1129576170,1129576170,NULL,CS00054819,1129576171,"S         "
CS00049624,1129576402,1129576402,ZH00001341,ZH00000137,1129576404,"M         "
CS00049624,1129576402,1129576402,ZH00001341,ZH00000137,1129576464,"M         "
CS00049624,1129576427,1129576427,1000080809,1000019673,1129576429,"M         "
CS00049624,1129576467,1129576467,1000080809,1000019673,1129576468,"M         "
CS00049624,1129576552,1129576552,ZH00001341,ZH00000137,1129576553,"M         "
CS00049624,1129576684,1129576684,ZH00000763,ZH00000235,1129576686,"M         "
CS00049624,1129576725,1129576725,1000080809,1000019673,1129576728,"M         "
CS00049624,1129576811,1129576811,1000080809,1000019673,1129576812,"M         "
CS00051146,1129576678,1129576678,NULL,CS00052183,1129576679,"S         "
CS00051498,1129576825,1129576825,NULL,CS00052183,1129576826,"S         "
CS00052291,1129576706,1129576706,CS00212614,CS00052295,1129576736,"M         "
CS00052291,1129576706,1129576706,CS00212616,CS00052297,1129576737,"M         "
CS00052291,1129576706,1129576706,CS00212600,CS00052293,1129576748,"M         "
CS00054792,1129576645,1129576645,NULL,CS00040658,1129576646,"S         "
CS00054792,1129576645,1129576645,NULL,CS00054819,1129576647,"S         "
CS00054792,1129576837,1129576837,NULL,CS00040658,1129576838,"S         "
CS00054792,1129576837,1129576837,NULL,CS00054819,1129576840,"S         "
CS00054793,1129576454,1129576454,NULL,CS00040662,1129576455,"S         "
CS00054793,1129576454,1129576454,NULL,CS00054820,1129576456,"S         "
CS00054793,1129576639,1129576639,NULL,CS00040662,1129576640,"S         "
CS00054793,1129576639,1129576639,NULL,CS00054820,1129576641,"S         "
CS00054793,1129576670,1129576670,NULL,CS00040662,1129576671,"S         "
CS00054793,1129576670,1129576670,NULL,CS00054820,1129576672,"S         "
CS00054793,1129576742,1129576742,NULL,CS00040662,1129576743,"S         "
CS00054793,1129576742,1129576742,NULL,CS00054820,1129576744,"S         "
CS00054794,1129576374,1129576374,NULL,CS00040665,1129576375,"S         "
CS00054794,1129576374,1129576374,NULL,CS00054821,1129576377,"S         "
CS00054794,1129576666,1129576666,NULL,CS00040665,1129576648,"S         "
CS00054794,1129576666,1129576666,NULL,CS00054821,1129576667,"S         "
CS00054794,1129576846,1129576846,NULL,CS00040665,1129576847,"S         "
CS00054794,1129576846,1129576846,NULL,CS00054821,1129576848,"S         "
CS00056417,1129576379,1129576379,NULL,CS00048825,1129576380,"S         "
CS00056417,1129576501,1129576501,NULL,CS00048825,1129576502,"S         "
CS00056766,1129574375,1129574375,NULL,CS00044142,1129576504,"S         "
CS00056766,1129574375,1129574375,NULL,CS00044144,1129576505,"S         "
CS00056766,1129574375,1129574375,NULL,CS00044146,1129576506,"S         "
CS00056766,1129574375,1129574375,NULL,CS00003964,1129576516,"S         "
CS00056766,1129574375,1129574375,NULL,CS00017875,1129576523,"S         "
CS00056766,1129574375,1129574375,NULL,CS00017876,1129576536,"S         "
CS00056766,1129576234,1129576234,NULL,CS00044142,1129576243,"S         "
CS00056766,1129576234,1129576234,NULL,CS00044144,1129576244,"S         "
CS00056766,1129576234,1129576234,NULL,CS00044146,1129576245,"S         "
CS00056766,1129576234,1129576234,NULL,CS00003964,1129576246,"S         "
CS00056766,1129576234,1129576234,NULL,CS00017875,1129576247,"S         "
CS00056766,1129576234,1129576234,NULL,CS00017876,1129576249,"S         "
CS00056766,1129576234,1129576234,NULL,CS00056109,1129576489,"S         "
CS00056766,1129576285,1129576285,NULL,CS00044142,1129576309,"S         "
CS00056766,1129576285,1129576285,NULL,CS00044144,1129576310,"S         "
CS00056766,1129576285,1129576285,NULL,CS00044146,1129576311,"S         "
CS00056766,1129576285,1129576285,NULL,CS00003964,1129576316,"S         "
CS00056766,1129576285,1129576285,NULL,CS00017875,1129576333,"S         "
CS00056766,1129576285,1129576285,NULL,CS00017876,1129576354,"S         "
CS00056766,1129576895,1129576895,NULL,CS00044142,1129576909,"S         "
CS00056766,1129576895,1129576895,NULL,CS00044144,1129576910,"S         "
CS00056766,1129576895,1129576895,NULL,CS00044146,1129576911,"S         "
CS00056766,1129576895,1129576895,NULL,CS00003964,1129576912,"S         "
CS00056864,1129576593,1129576593,NULL,CS00033976,1129576596,"S         "
CS00056864,1129576763,1129576763,NULL,CS00033976,1129576764,"S         "
CS00007437,1129576304,1129576304,NULL,CS00058099,1129577482,"S         "
CS00036296,1129577399,1129577526,NULL,CS00033976,1129577527,"S         "
CS00039258,1129577537,1129577537,NULL,CS00052231,1129577538,"S         "
CS00039438,1129577632,1129577632,NULL,CS00035727,1129577633,"S         "
CS00046009,1129577386,1129577386,NULL,CS00040654,1129577387,"S         "
CS00049238,1129575879,1129575879,NULL,CS00003580,1129575880,"S         "
CS00049238,1129576300,1129576300,NULL,CS00003580,1129576301,"S         "
CS00049624,1129577510,1129577510,1000080809,1000019673,1129577512,"M         "
CS00049624,1129577555,1129577555,1000080809,1000019673,1129577557,"M         "
CS00000026,1129574528,1129574528,NULL,CS00044142,1129574529,"S         "
CS00000026,1129574528,1129574528,NULL,CS00044144,1129574530,"S         "
CS00000026,1129574528,1129574528,NULL,CS00044146,1129574531,"S         "
CS00000026,1129576896,1129576896,NULL,CS00044142,1129576897,"S         "
CS00000026,1129576896,1129576896,NULL,CS00044144,1129576898,"S         "
CS00000026,1129576896,1129576896,NULL,CS00044146,1129576899,"S         "
CS00029019,1129577179,1129577179,NULL,CS00039602,1129577180,"S         "
CS00029019,1129577179,1129577179,NULL,CS00029022,1129577181,"S         "
CS00036296,1129577035,1129577035,NULL,CS00033976,1129577057,"S         "
CS00036296,1129577143,1129577176,NULL,CS00033976,1129577177,"S         "
CS00039438,1129576977,1129576977,NULL,CS00035727,1129576978,"S         "
CS00039438,1129577053,1129577053,NULL,CS00035727,1129577055,"S         "
CS00039438,1129577073,1129577073,NULL,CS00035727,1129577074,"S         "
CS00039438,1129577250,1129577250,NULL,CS00035727,1129577251,"S         "
CS00039438,1129577355,1129577355,NULL,CS00035727,1129577356,"S         "
CS00043281,1129577059,1129577059,CS00171472,NULL,1129577060,"M         "
CS00046009,1129577109,1129577109,NULL,CS00040654,1129577110,"S         "
CS00046739,1129577286,1129577286,NULL,CS00061042,1129577287,"S         "
CS00049238,1129576040,1129576040,NULL,CS00003580,1129576041,"S         "
CS00049624,1129577013,1129577013,1000080809,1000019673,1129577015,"M         "
CS00049624,1129577090,1129577090,1000080809,1000019673,1129577091,"M         "
CS00049624,1129577189,1129577189,1000080809,1000019673,1129577192,"M         "
CS00049624,1129577395,1129577395,1000080809,1000019673,1129577396,"M         "
CS00051702,1129576953,1129576953,NULL,CS00051704,1129576954,"S         "
CS00051704,1129576953,1129576954,NULL,ZH00000451,1129576956,"S         "
CS00054791,1129577343,1129577343,NULL,CS00040655,1129577344,"S         "
CS00054791,1129577343,1129577343,NULL,CS00054801,1129577345,"S         "
CS00054792,1129576878,1129576878,NULL,CS00040658,1129576879,"S         "
CS00054792,1129576878,1129576878,NULL,CS00054819,1129576880,"S         "
CS00054792,1129577216,1129577216,NULL,CS00040658,1129577217,"S         "
CS00054792,1129577216,1129577216,NULL,CS00054819,1129577218,"S         "
CS00054793,1129576915,1129576915,NULL,CS00040662,1129576916,"S         "
CS00054793,1129576915,1129576915,NULL,CS00054820,1129576917,"S         "
CS00054793,1129577032,1129577032,NULL,CS00040662,1129577033,"S         "
CS00054793,1129577032,1129577032,NULL,CS00054820,1129577034,"S         "
CS00054794,1129577096,1129577096,NULL,CS00040665,1129574993,"S         "
CS00054794,1129577096,1129577096,NULL,CS00054821,1129577097,"S         "
CS00054794,1129577298,1129577298,NULL,CS00040665,1129577299,"S         "
CS00054794,1129577298,1129577298,NULL,CS00054821,1129577301,"S         "
CS00057697,1129577143,1129577143,NULL,CS00036296,1129577176,"S         "
CS00061411,1129577380,1129577380,NULL,CS00054819,1129577381,"S         "
CS00049624,1129577586,1129577586,1000080809,1000019673,1129577588,"M         "
CS00054793,1129577400,1129577400,NULL,CS00040662,1129577401,"S         "
CS00054793,1129577400,1129577400,NULL,CS00054820,1129577402,"S         "
CS00054793,1129577543,1129577543,NULL,CS00040662,1129577544,"S         "
CS00054793,1129577543,1129577543,NULL,CS00054820,1129577545,"S         "
CS00054794,1129577309,1129577309,NULL,CS00040665,1129577310,"S         "
CS00054794,1129577309,1129577309,NULL,CS00054821,1129577311,"S         "
CS00054794,1129577592,1129577592,NULL,CS00040665,1129577593,"S         "
CS00054794,1129577592,1129577592,NULL,CS00054821,1129577595,"S         "
1000006986,1037081700,1037081700,NULL,1000015685,1037081701,"S         "
1000006986,1037081717,1037081717,NULL,1000015685,1037081718,"S         "
1000006986,1037081737,1037081737,NULL,1000015685,1037081738,"S         "
1000006986,1037081764,1037081764,NULL,1000015685,1037081766,"S         "
1000006986,1037081790,1037081790,NULL,1000015685,1037081791,"S         "
1000006986,1037081802,1037081802,NULL,1000015685,1037081803,"S         "
1000006986,1037081815,1037081815,NULL,1000015685,1037081816,"S         "
1000006986,1037081850,1037081850,NULL,1000015685,1037081851,"S         "
1000006986,1037081864,1037081864,NULL,1000015685,1037081865,"S         "
1000006986,1037081891,1037081891,NULL,1000015685,1037081893,"S         "
1000006986,1037081921,1037081921,NULL,1000015685,1037081922,"S         "
1000006986,1037081958,1037081958,NULL,1000015685,1037081959,"S         "
1000006986,1037081987,1037081987,NULL,1000015685,1037081989,"S         "
1000006986,1037082010,1037082010,NULL,1000015685,1037082011,"S         "
1000006986,1037082030,1037082030,NULL,1000015685,1037082031,"S         "
1000006986,1037082057,1037082057,NULL,1000015685,1037082058,"S         "
1000006986,1037082078,1037082078,NULL,1000015685,1037082079,"S         "
1000006986,1037082092,1037082092,NULL,1000015685,1037082093,"S         "
1000006986,1037082118,1037082118,NULL,1000015685,1037082119,"S         "
1000006986,1037083285,1037083285,NULL,1000015685,1037083286,"S         "
1000006986,1037083320,1037083320,NULL,1000015685,1037083321,"S         "
1000006986,1037083339,1037083339,NULL,1000015685,1037083340,"S         "
1000006986,1037083356,1037083356,NULL,1000015685,1037083357,"S         "
1000006986,1037083377,1037083377,NULL,1000015685,1037083378,"S         "
1000006986,1037083404,1037083404,NULL,1000015685,1037083406,"S         "
1000006986,1037083420,1037083420,NULL,1000015685,1037083421,"S         "
1000006986,1037083462,1037083462,NULL,1000015685,1037083463,"S         "
1000006986,1037083486,1037083486,NULL,1000015685,1037083487,"S         "
1000006986,1037083502,1037083502,NULL,1000015685,1037083503,"S         "
1000006986,1037083515,1037083515,NULL,1000015685,1037083516,"S         "
1000006986,1037083533,1037083533,NULL,1000015685,1037083534,"S         "
1000006986,1037083560,1037083560,NULL,1000015685,1037083561,"S         "
1000006986,1037083582,1037083582,NULL,1000015685,1037083583,"S         "
1000006986,1037083595,1037083595,NULL,1000015685,1037083596,"S         "
1000006986,1037083627,1037083627,NULL,1000015685,1037083628,"S         "
1000006986,1037083640,1037083640,NULL,1000015685,1037083641,"S         "
1000006986,1037083653,1037083653,NULL,1000015685,1037083654,"S         "
1000006986,1037083680,1037083680,NULL,1000015685,1037083681,"S         "
1000006986,1037083702,1037083702,NULL,1000015685,1037083703,"S         "
1000006986,1037083712,1037083712,NULL,1000015685,1037083713,"S         "
1000006986,1037083724,1037083724,NULL,1000015685,1037083725,"S         "
1000006986,1037083752,1037083752,NULL,1000015685,1037083753,"S         "
1000006986,1037083780,1037083780,NULL,1000015685,1037083781,"S         "
1000006986,1037083787,1037083787,NULL,1000015685,1037083788,"S         "
1000006986,1037083810,1037083810,NULL,1000015685,1037083812,"S         "
1000006986,1037083821,1037083821,NULL,1000015685,1037083822,"S         "
1000006986,1037083838,1037083838,NULL,1000015685,1037083839,"S         "
1000006986,1037083856,1037083856,NULL,1000015685,1037083857,"S         "
1000006986,1037083878,1037083878,NULL,1000015685,1037083879,"S         "
1000006986,1037083885,1037083885,NULL,1000015685,1037083886,"S         "
1000006986,1037083911,1037083911,NULL,1000015685,1037083913,"S         "
1000006986,1037083925,1037083925,NULL,1000015685,1037083926,"S         "
1000006986,1037083937,1037083937,NULL,1000015685,1037083938,"S         "
1000006986,1037083947,1037083947,NULL,1000015685,1037083948,"S         "
1000006986,1037083971,1037083971,NULL,1000015685,1037083972,"S         "
1000006986,1037083986,1037083986,NULL,1000015685,1037083987,"S         "
1000006986,1037083997,1037083997,NULL,1000015685,1037083998,"S         "
1000006986,1037084371,1037084371,NULL,1000015685,1037083998,"S         "
1000006986,1037084438,1037084438,NULL,1000015685,1037084439,"S         "
1000006986,1037084488,1037084488,NULL,1000015685,1037084489,"S         "
1000006986,1037084499,1037084499,NULL,1000015685,1037084500,"S         "
1000006986,1037084510,1037084510,NULL,1000015685,1037084511,"S         "
1000006986,1037084514,1037084514,NULL,1000015685,1037084515,"S         "
1000006986,1037084531,1037084531,NULL,1000015685,1037084532,"S         "
1000006986,1037084539,1037084539,NULL,1000015685,1037084540,"S         "
1000006986,1037084553,1037084553,NULL,1000015685,1037084554,"S         "
1000006986,1037084568,1037084568,NULL,1000015685,1037084569,"S         "
1000006986,1037084606,1037084606,NULL,1000015685,1037084610,"S         "
1000006986,1037084618,1037084618,NULL,1000015685,1037084619,"S         "
1000006986,1037084641,1037084641,NULL,1000015685,1037084642,"S         "
1000006986,1037084665,1037084665,NULL,1000015685,1037084666,"S         "
1000006986,1037084680,1037084680,NULL,1000015685,1037084681,"S         "
1000006986,1037084701,1037084701,NULL,1000015685,1037084702,"S         "
1000006986,1037084720,1037084720,NULL,1000015685,1037084721,"S         "
1000006986,1037085047,1037085047,NULL,1000015685,1037085048,"S         "
1000006986,1037085065,1037085065,NULL,1000015685,1037085066,"S         "
1000006986,1037085079,1037085079,NULL,1000015685,1037085080,"S         "
1000006986,1037085098,1037085098,NULL,1000015685,1037085099,"S         "
1000006986,1037085196,1037085196,NULL,1000015685,1037085198,"S         "
1000006986,1037085231,1037085231,NULL,1000015685,1037085232,"S         "
1000006986,1037085249,1037085249,NULL,1000015685,1037085250,"S         "
1000006986,1037085260,1037085260,NULL,1000015685,1037085261,"S         "
1000006986,1037085283,1037085283,NULL,1000015685,1037085284,"S         "
1000006986,1037085306,1037085306,NULL,1000015685,1037085308,"S         "
1000006986,1037085332,1037085332,NULL,1000015685,1037085334,"S         "
1000006986,1037085342,1037085342,NULL,1000015685,1037085343,"S         "
1000006986,1037085389,1037085389,NULL,1000015685,1037085390,"S         "
1000006986,1037085405,1037085405,NULL,1000015685,1037085406,"S         "
1000006986,1037085416,1037085416,NULL,1000015685,1037085417,"S         "
1000006986,1037085423,1037085423,NULL,1000015685,1037085424,"S         "
1000006986,1037085463,1037085463,NULL,1000015685,1037085465,"S         "
1000006986,1037085473,1037085473,NULL,1000015685,1037085474,"S         "
1000006986,1037085490,1037085490,NULL,1000015685,1037085491,"S         "
1000006986,1037085511,1037085511,NULL,1000015685,1037085512,"S         "
1000006986,1037085530,1037085530,NULL,1000015685,1037085531,"S         "
1000006986,1037085545,1037085545,NULL,1000015685,1037085547,"S         "
1000006986,1037085573,1037085573,NULL,1000015685,1037085574,"S         "
1000006986,1037085608,1037085608,NULL,1000015685,1037085609,"S         "
1000006986,1037085626,1037085626,NULL,1000015685,1037085627,"S         "
1000006986,1037085638,1037085638,NULL,1000015685,1037085639,"S         "
1000006986,1037085793,1037085793,NULL,1000015685,1037085198,"S         "
1000006986,1037085805,1037085805,NULL,1000015685,1037085806,"S         "
1000006986,1037085819,1037085819,NULL,1000015685,1037085820,"S         "
1000006986,1037085846,1037085846,NULL,1000015685,1037085847,"S         "
1000006986,1037086030,1037086030,NULL,1000015685,1037086031,"S         "
1000006986,1037086648,1037086648,NULL,1000015685,1037086649,"S         "
1000006986,1037086660,1037086660,NULL,1000015685,1037086661,"S         "
1000006986,1037086683,1037086683,NULL,1000015685,1037086684,"S         "
1000006986,1037087018,1037087018,NULL,1000015685,1037087019,"S         "
1000006986,1037087048,1037087048,NULL,1000015685,1037087049,"S         "
1000006986,1037087084,1037087084,NULL,1000015685,1037087085,"S         "
1000006986,1037087107,1037087107,NULL,1000015685,1037087109,"S         "
1000006986,1037087116,1037087116,NULL,1000015685,1037087117,"S         "
1000006986,1037087129,1037087129,NULL,1000015685,1037087130,"S         "
1000006986,1037087144,1037087144,NULL,1000015685,1037087145,"S         "
1000006986,1037087157,1037087157,NULL,1000015685,1037087158,"S         "
1000006986,1037088008,1037088008,NULL,1000015685,1037088009,"S         "
1000006986,1037088024,1037088024,NULL,1000015685,1037088025,"S         "
1000006986,1037088050,1037088050,NULL,1000015685,1037088051,"S         "
1000006986,1037088060,1037088060,NULL,1000015685,1037088061,"S         "
1000006986,1037088066,1037088066,NULL,1000015685,1037088067,"S         "
1000006986,1037088095,1037088095,NULL,1000015685,1037088096,"S         "
1000006986,1037088107,1037088107,NULL,1000015685,1037088109,"S         "
1000006986,1037088121,1037088121,NULL,1000015685,1037088123,"S         "
1000006986,1037088136,1037088136,NULL,1000015685,1037088137,"S         "
1000006986,1037088143,1037088143,NULL,1000015685,1037088144,"S         "
1000006986,1037088151,1037088151,NULL,1000015685,1037088152,"S         "
1000006986,1037088162,1037088162,NULL,1000015685,1037088165,"S         "
1000006986,1037088180,1037088180,NULL,1000015685,1037088181,"S         "
1000006986,1037088197,1037088197,NULL,1000015685,1037088198,"S         "
1000006986,1037088213,1037088213,NULL,1000015685,1037088214,"S         "
1000006986,1037088224,1037088224,NULL,1000015685,1037088225,"S         "
1000006986,1037088244,1037088244,NULL,1000015685,1037088245,"S         "
1000006986,1037088266,1037088266,NULL,1000015685,1037088270,"S         "
1000006986,1037088300,1037088300,NULL,1000015685,1037088301,"S         "
1000006986,1037088316,1037088316,NULL,1000015685,1037088318,"S         "
1000006986,1037088327,1037088327,NULL,1000015685,1037088328,"S         "
1000006986,1037088381,1037088381,NULL,1000015685,1037088382,"S         "
1000006986,1037088400,1037088400,NULL,1000015685,1037088402,"S         "
1000006986,1037088414,1037088414,NULL,1000015685,1037088415,"S         "
1000006986,1037088435,1037088435,NULL,1000015685,1037088436,"S         "
1000006986,1037088448,1037088448,NULL,1000015685,1037088450,"S         "
1000006986,1037088468,1037088468,NULL,1000015685,1037088469,"S         "
1000006986,1037088482,1037088482,NULL,1000015685,1037088483,"S         "
1000006986,1037088491,1037088491,NULL,1000015685,1037088492,"S         "
1000006986,1037088506,1037088506,NULL,1000015685,1037088507,"S         "
1000006986,1037088564,1037088564,NULL,1000015685,1037088565,"S         "
1000006986,1037088576,1037088576,NULL,1000015685,1037088577,"S         "
1000006986,1037088593,1037088593,NULL,1000015685,1037088594,"S         "
1000006986,1037088601,1037088601,NULL,1000015685,1037088602,"S         "
1000006986,1037088610,1037088610,NULL,1000015685,1037088611,"S         "
1000006986,1037088623,1037088623,NULL,1000015685,1037088624,"S         "
1000006986,1037088640,1037088640,NULL,1000015685,1037088641,"S         "
1000006986,1037088658,1037088658,NULL,1000015685,1037088659,"S         "
1000006986,1037088680,1037088680,NULL,1000015685,1037088681,"S         "
1000006986,1037088691,1037088691,NULL,1000015685,1037088692,"S         "
1000006986,1037088720,1037088720,NULL,1000015685,1037088721,"S         "
1000006986,1037089090,1037089090,NULL,1000015685,1037089091,"S         "
1000006986,1037089119,1037089119,NULL,1000015685,1037089120,"S         "
1000006986,1037089142,1037089142,NULL,1000015685,1037089143,"S         "
1000006986,1037089157,1037089157,NULL,1000015685,1037089158,"S         "
1000006986,1037089172,1037089172,NULL,1000015685,1037089173,"S         "
1000006986,1037089177,1037089177,NULL,1000015685,1037089178,"S         "
1000006986,1037089185,1037089185,NULL,1000015685,1037089186,"S         "
1000006986,1037089194,1037089194,NULL,1000015685,1037089195,"S         "
1000006986,1037089204,1037089204,NULL,1000015685,1037089205,"S         "
1000006986,1037089216,1037089216,NULL,1000015685,1037089218,"S         "
1000006986,1037089247,1037089247,NULL,1000015685,1037089248,"S         "
1000006986,1037089257,1037089257,NULL,1000015685,1037089258,"S         "
1000006986,1037089273,1037089273,NULL,1000015685,1037089276,"S         "
1000006986,1037089286,1037089286,NULL,1000015685,1037089287,"S         "
1000006986,1037089298,1037089298,NULL,1000015685,1037089299,"S         "
1000006986,1037089323,1037089323,NULL,1000015685,1037089325,"S         "
1000006986,1037089338,1037089338,NULL,1000015685,1037089339,"S         "
1000006986,1037089372,1037089372,NULL,1000015685,1037089373,"S         "
1000006986,1037089387,1037089387,NULL,1000015685,1037089388,"S         "
1000006986,1037089398,1037089398,NULL,1000015685,1037089399,"S         "
1000006986,1037089411,1037089411,NULL,1000015685,1037089412,"S         "
1000006986,1037089420,1037089420,NULL,1000015685,1037089421,"S         "
1000006986,1037089429,1037089429,NULL,1000015685,1037089430,"S         "
1000006986,1037089491,1037089491,NULL,1000015685,1037089492,"S         "
1000006986,1037089500,1037089500,NULL,1000015685,1037089501,"S         "
1000006986,1037089510,1037089510,NULL,1000015685,1037089511,"S         "
1000006986,1037089529,1037089529,NULL,1000015685,1037089530,"S         "
1000006986,1037089539,1037089539,NULL,1000015685,1037089540,"S         "
1000006986,1037089564,1037089564,NULL,1000015685,1037089565,"S         "
1000006986,1037089573,1037089573,NULL,1000015685,1037089574,"S         "
1000006986,1037089584,1037089584,NULL,1000015685,1037089585,"S         "
1000006986,1037089595,1037089595,NULL,1000015685,1037089596,"S         "
1000006986,1037089613,1037089613,NULL,1000015685,1037089614,"S         "
1000006986,1037089630,1037089630,NULL,1000015685,1037089631,"S         "
1000006986,1037089646,1037089646,NULL,1000015685,1037089647,"S         "
1000006986,1037090159,1037090159,NULL,1000015685,1037090161,"S         "
1000006986,1037090179,1037090179,NULL,1000015685,1037090181,"S         "
1000006986,1037090196,1037090196,NULL,1000015685,1037090197,"S         "
1000006986,1037090206,1037090206,NULL,1000015685,1037090207,"S         "
1000006986,1037090218,1037090218,NULL,1000015685,1037090219,"S         "
1000006986,1037090236,1037090236,NULL,1000015685,1037090237,"S         "
1000006986,1037090251,1037090251,NULL,1000015685,1037090252,"S         "
1000006986,1037090278,1037090278,NULL,1000015685,1037090279,"S         "
1000006986,1037090299,1037090299,NULL,1000015685,1037090300,"S         "
1000006986,1037090311,1037090311,NULL,1000015685,1037090312,"S         "
1000006986,1037090330,1037090330,NULL,1000015685,1037090331,"S         "
1000006986,1037090351,1037090351,NULL,1000015685,1037090352,"S         "
1000006986,1037090360,1037090360,NULL,1000015685,1037090361,"S         "
1000006986,1037090366,1037090366,NULL,1000015685,1037090367,"S         "
1000006986,1037090397,1037090397,NULL,1000015685,1037090398,"S         "
1000006986,1037090454,1037090454,NULL,1000015685,1037090455,"S         "
1000006986,1037090643,1037090643,NULL,1000015685,1037090644,"S         "
1000006986,1037090676,1037090676,NULL,1000015685,1037090677,"S         "
1000006986,1037090698,1037090698,NULL,1000015685,1037090699,"S         "
1000006986,1037090708,1037090708,NULL,1000015685,1037090709,"S         "
1000006986,1037090717,1037090717,NULL,1000015685,1037090718,"S         "
1000006986,1037090728,1037090728,NULL,1000015685,1037090729,"S         "
1000006986,1037090743,1037090743,NULL,1000015685,1037090744,"S         "
1000006986,1037090763,1037090763,NULL,1000015685,1037090764,"S         "
1000006986,1037090772,1037090772,NULL,1000015685,1037090773,"S         "
1000006986,1037090803,1037090803,NULL,1000015685,1037090804,"S         "
1000006986,1037090818,1037090818,NULL,1000015685,1037090819,"S         "
1000006986,1037090831,1037090831,NULL,1000015685,1037090832,"S         "
1000006986,1037090845,1037090845,NULL,1000015685,1037090846,"S         "
1000006986,1037090880,1037090880,NULL,1000015685,1037090881,"S         "
1000006986,1037090895,1037090895,NULL,1000015685,1037090896,"S         "
1000006986,1037090905,1037090905,NULL,1000015685,1037090906,"S         "
1000006986,1037090916,1037090916,NULL,1000015685,1037090917,"S         "
1000006986,1037090953,1037090953,NULL,1000015685,1037090954,"S         "
1000006986,1037091833,1037091833,NULL,1000015685,1037091834,"S         "
1000006986,1037091843,1037091843,NULL,1000015685,1037091844,"S         "
1000006986,1037091904,1037091904,NULL,1000015685,1037091905,"S         "
1000006986,1037092008,1037092008,NULL,1000015685,1037092009,"S         "
1000006986,1037092020,1037092020,NULL,1000015685,1037092021,"S         "
1000006986,1037092038,1037092038,NULL,1000015685,1037092039,"S         "
1000006986,1037092054,1037092054,NULL,1000015685,1037092055,"S         "
1000006986,1037092104,1037092104,NULL,1000015685,1037092105,"S         "
1000006986,1037092149,1037092149,NULL,1000015685,1037092150,"S         "
1000006986,1037092183,1037092183,NULL,1000015685,1037092184,"S         "
1000006986,1037092195,1037092195,NULL,1000015685,1037092196,"S         "
1000006986,1037092213,1037092213,NULL,1000015685,1037092214,"S         "
1000006986,1037092236,1037092236,NULL,1000015685,1037092239,"S         "
1000006986,1037092276,1037092276,NULL,1000015685,1037092277,"S         "
1000006986,1037092309,1037092309,NULL,1000015685,1037092310,"S         "
1000006986,1037092319,1037092319,NULL,1000015685,1037092321,"S         "
1000006986,1037092337,1037092337,NULL,1000015685,1037092338,"S         "
1000006986,1037092354,1037092354,NULL,1000015685,1037092355,"S         "
1000006986,1037092356,1037092356,NULL,1000015685,1037092357,"S         "
1000006986,1037092373,1037092373,NULL,1000015685,1037092374,"S         "
1000006986,1037092386,1037092386,NULL,1000015685,1037092387,"S         "
1000006986,1037092396,1037092396,NULL,1000015685,1037092397,"S         "
1000006986,1037092407,1037092407,NULL,1000015685,1037092408,"S         "
1000006986,1037092420,1037092420,NULL,1000015685,1037092421,"S         "
1000006986,1037092427,1037092427,NULL,1000015685,1037092428,"S         "
1000006986,1037092441,1037092441,NULL,1000015685,1037092442,"S         "
1000006986,1037092465,1037092465,NULL,1000015685,1037092466,"S         "
1000006986,1037092468,1037092468,NULL,1000015685,1037092469,"S         "
1000006986,1037092483,1037092483,NULL,1000015685,1037092484,"S         "
1000006986,1037092492,1037092492,NULL,1000015685,1037092493,"S         "
1000006986,1037092498,1037092498,NULL,1000015685,1037092500,"S         "
1000006986,1037092527,1037092527,NULL,1000015685,1037092528,"S         "
1000006986,1037092548,1037092548,NULL,1000015685,1037092549,"S         "
1000006986,1037092550,1037092550,NULL,1000015685,1037092551,"S         "
1000006986,1037092569,1037092569,NULL,1000015685,1037092570,"S         "
1000006986,1037092587,1037092587,NULL,1000015685,1037092588,"S         "
1000006986,1037092594,1037092594,NULL,1000015685,1037092595,"S         "
1000006986,1037092624,1037092624,NULL,1000015685,1037092626,"S         "
1000006986,1037092642,1037092642,NULL,1000015685,1037092643,"S         "
1000006986,1037092654,1037092654,NULL,1000015685,1037092655,"S         "
1000006986,1037092656,1037092656,NULL,1000015685,1037092657,"S         "
1000006986,1037092670,1037092670,NULL,1000015685,1037092671,"S         "
1000006986,1037092678,1037092678,NULL,1000015685,1037092679,"S         "
1000006986,1037092687,1037092687,NULL,1000015685,1037092688,"S         "
1000006986,1037092709,1037092709,NULL,1000015685,1037092710,"S         "
1000006986,1037092755,1037092755,NULL,1000015685,1037092756,"S         "
1000006986,1037092773,1037092773,NULL,1000015685,1037092775,"S         "
1000006986,1037092785,1037092785,NULL,1000015685,1037092787,"S         "
1000006986,1037092807,1037092807,NULL,1000015685,1037092808,"S         "
1000006986,1037092829,1037092829,NULL,1000015685,1037092830,"S         "
1000006986,1037092834,1037092834,NULL,1000015685,1037092835,"S         "
1000006986,1037094294,1037094294,NULL,1000015685,1037094295,"S         "
1000006986,1037094321,1037094321,NULL,1000015685,1037094322,"S         "
1000006986,1037094337,1037094337,NULL,1000015685,1037094338,"S         "
1000006986,1037094355,1037094355,NULL,1000015685,1037094356,"S         "
1000006986,1037094366,1037094366,NULL,1000015685,1037094367,"S         "
1000006986,1037094382,1037094382,NULL,1000015685,1037094383,"S         "
1000006986,1037094404,1037094404,NULL,1000015685,1037094405,"S         "
1000006986,1037094418,1037094418,NULL,1000015685,1037094419,"S         "
1000006986,1037094436,1037094436,NULL,1000015685,1037094437,"S         "
1000006986,1037094558,1037094558,NULL,1000015685,1037094559,"S         "
1000006986,1037094575,1037094575,NULL,1000015685,1037094577,"S         "
1000006986,1037094617,1037094617,NULL,1000015685,1037094618,"S         "
1000006986,1037094631,1037094631,NULL,1000015685,1037094632,"S         "
1000006986,1037094657,1037094657,NULL,1000015685,1037094658,"S         "
1000006986,1037094671,1037094671,NULL,1000015685,1037094672,"S         "
1000006986,1037094685,1037094685,NULL,1000015685,1037094686,"S         "
1000006986,1037094705,1037094705,NULL,1000015685,1037094706,"S         "
1000006986,1037094764,1037094764,NULL,1000015685,1037094765,"S         "
1000006986,1037094779,1037094779,NULL,1000015685,1037094781,"S         "
1000006986,1037094816,1037094816,NULL,1000015685,1037094817,"S         "
1000006986,1037094836,1037094836,NULL,1000015685,1037094839,"S         "
1000006986,1037094857,1037094857,NULL,1000015685,1037094858,"S         "
1000006986,1037094875,1037094875,NULL,1000015685,1037094876,"S         "
1000006986,1037094886,1037094886,NULL,1000015685,1037094887,"S         "
1000006986,1037094907,1037094907,NULL,1000015685,1037094908,"S         "
1000006986,1037094915,1037094915,NULL,1000015685,1037094916,"S         "
1000006986,1037094924,1037094924,NULL,1000015685,1037094925,"S         "
1000006986,1037094970,1037094970,NULL,1000015685,1037094972,"S         "
1000006986,1037094984,1037094984,NULL,1000015685,1037094985,"S         "
1000006986,1037094994,1037094994,NULL,1000015685,1037094995,"S         "
1000006986,1037095133,1037095133,NULL,1000015685,1037095134,"S         "
1000006986,1037095141,1037095141,NULL,1000015685,1037095142,"S         "
1000006986,1037095160,1037095160,NULL,1000015685,1037095161,"S         "
1000006986,1037095373,1037095373,NULL,1000015685,1037095374,"S         "
1000006986,1037095387,1037095387,NULL,1000015685,1037095388,"S         "
1000006986,1037095400,1037095400,NULL,1000015685,1037095401,"S         "
1000006986,1037095426,1037095426,NULL,1000015685,1037095427,"S         "
1000006986,1037095445,1037095445,NULL,1000015685,1037095446,"S         "
1000006986,1037095472,1037095472,NULL,1000015685,1037095473,"S         "
1000006986,1037095491,1037095491,NULL,1000015685,1037095492,"S         "
1000006986,1037095507,1037095507,NULL,1000015685,1037095508,"S         "
1000006986,1037095517,1037095517,NULL,1000015685,1037095518,"S         "
1000006986,1037095546,1037095546,NULL,1000015685,1037095547,"S         "
1000006986,1037095563,1037095563,NULL,1000015685,1037095564,"S         "
1000006986,1037095571,1037095571,NULL,1000015685,1037095572,"S         "
1000006986,1037095588,1037095588,NULL,1000015685,1037095589,"S         "
1000006986,1037095993,1037095993,NULL,1000015685,1037095994,"S         "
1000006986,1037096015,1037096015,NULL,1000015685,1037096016,"S         "
1000006986,1037096037,1037096037,NULL,1000015685,1037096038,"S         "
1000006986,1037096048,1037096048,NULL,1000015685,1037096049,"S         "
1000006986,1037096066,1037096066,NULL,1000015685,1037096067,"S         "
1000006986,1037096081,1037096081,NULL,1000015685,1037096082,"S         "
1000006986,1037096093,1037096093,NULL,1000015685,1037096095,"S         "
1000006986,1037096105,1037096105,NULL,1000015685,1037096106,"S         "
1000006986,1037096128,1037096128,NULL,1000015685,1037096129,"S         "
1000006986,1037096143,1037096143,NULL,1000015685,1037096144,"S         "
1000006986,1037096165,1037096165,NULL,1000015685,1037096166,"S         "
1000006986,1037096204,1037096204,NULL,1000015685,1037096206,"S         "
1000006986,1037096216,1037096216,NULL,1000015685,1037096217,"S         "
1000006986,1037096232,1037096232,NULL,1000015685,1037096234,"S         "
1000006986,1037096248,1037096248,NULL,1000015685,1037096249,"S         "
1000006986,1037096259,1037096259,NULL,1000015685,1037096260,"S         "
1000006986,1037096267,1037096267,NULL,1000015685,1037096269,"S         "
1000006986,1037096273,1037096273,NULL,1000015685,1037096274,"S         "
1000006986,1037096291,1037096291,NULL,1000015685,1037096292,"S         "
1000006986,1037096298,1037096298,NULL,1000015685,1037096299,"S         "
1000006986,1037096328,1037096328,NULL,1000015685,1037096329,"S         "
1000006986,1037096350,1037096350,NULL,1000015685,1037096351,"S         "
1000006986,1037096363,1037096363,NULL,1000015685,1037096364,"S         "
1000006986,1037096385,1037096385,NULL,1000015685,1037096386,"S         "
1000006986,1037096396,1037096396,NULL,1000015685,1037096397,"S         "
1000006986,1037096409,1037096409,NULL,1000015685,1037096410,"S         "
1000006986,1037096415,1037096415,NULL,1000015685,1037096416,"S         "
1000006986,1037096434,1037096434,NULL,1000015685,1037096435,"S         "
1000006986,1037096452,1037096452,NULL,1000015685,1037096453,"S         "
1000006986,1037096520,1037096520,NULL,1000015685,1037096521,"S         "
1000006986,1037096543,1037096543,NULL,1000015685,1037096544,"S         "
1000006986,1037096562,1037096562,NULL,1000015685,1037096564,"S         "
1000006986,1037096578,1037096578,NULL,1000015685,1037096580,"S         "
1000006986,1037096592,1037096592,NULL,1000015685,1037096593,"S         "
1000006986,1037096600,1037096600,NULL,1000015685,1037096601,"S         "
1000006986,1037096620,1037096620,NULL,1000015685,1037096621,"S         "
1000006986,1037096635,1037096635,NULL,1000015685,1037096636,"S         "
1000006986,1037096649,1037096649,NULL,1000015685,1037096650,"S         "
1000006986,1037096665,1037096665,NULL,1000015685,1037096666,"S         "
1000006986,1037096683,1037096683,NULL,1000015685,1037096684,"S         "
1000006986,1037096700,1037096700,NULL,1000015685,1037096701,"S         "
1000006986,1037096715,1037096715,NULL,1000015685,1037096716,"S         "
1000006986,1037096724,1037096724,NULL,1000015685,1037096725,"S         "
1000006986,1037096733,1037096733,NULL,1000015685,1037096734,"S         "
1000006986,1037096740,1037096740,NULL,1000015685,1037096741,"S         "
1000006986,1037096764,1037096764,NULL,1000015685,1037096765,"S         "
1000006986,1037096777,1037096777,NULL,1000015685,1037096778,"S         "
1000006986,1037096798,1037096798,NULL,1000015685,1037096799,"S         "
1000006986,1037096823,1037096823,NULL,1000015685,1037096824,"S         "
1000006986,1037096825,1037096825,NULL,1000015685,1037096826,"S         "
1000006986,1037096842,1037096842,NULL,1000015685,1037096843,"S         "
1000006986,1037096854,1037096854,NULL,1000015685,1037096855,"S         "
1000006986,1037096872,1037096872,NULL,1000015685,1037096873,"S         "
1000006986,1037096891,1037096891,NULL,1000015685,1037096892,"S         "
1000006986,1037096906,1037096906,NULL,1000015685,1037096907,"S         "
1000006986,1037096911,1037096911,NULL,1000015685,1037096912,"S         "
1000006986,1037096920,1037096920,NULL,1000015685,1037096921,"S         "
1000006986,1037096926,1037096926,NULL,1000015685,1037096927,"S         "
1000006986,1037096940,1037096940,NULL,1000015685,1037096941,"S         "
1000006986,1037096961,1037096961,NULL,1000015685,1037096962,"S         "
1000006986,1037096980,1037096980,NULL,1000015685,1037096981,"S         "
1000006986,1037097003,1037097003,NULL,1000015685,1037097004,"S         "
1000006986,1037097015,1037097015,NULL,1000015685,1037097016,"S         "
1000006986,1037097026,1037097026,NULL,1000015685,1037097027,"S         "
1000006986,1037097044,1037097044,NULL,1000015685,1037097045,"S         "
1000006986,1037097057,1037097057,NULL,1000015685,1037097058,"S         "
1000006986,1037097070,1037097070,NULL,1000015685,1037097071,"S         "
1000006986,1037097422,1037097422,NULL,1000015685,1036920693,"S         "
1000006986,1037098295,1037098295,NULL,1000015685,1037098296,"S         "
1000006986,1037098313,1037098313,NULL,1000015685,1037098314,"S         "
1000006986,1037098341,1037098341,NULL,1000015685,1037098342,"S         "
1000006986,1037098390,1037098390,NULL,1000015685,1037098391,"S         "
1000006986,1037098428,1037098428,NULL,1000015685,1037098429,"S         "
1000006986,1037098442,1037098442,NULL,1000015685,1037098443,"S         "
1000006986,1037098464,1037098464,NULL,1000015685,1037098465,"S         "
1000006986,1037098506,1037098506,NULL,1000015685,1037098507,"S         "
1000006986,1037098512,1037098512,NULL,1000015685,1037098513,"S         "
1000006986,1037098515,1037098515,NULL,1000015685,1037098516,"S         "
1000006986,1037098520,1037098520,NULL,1000015685,1037098521,"S         "
1000006986,1037098530,1037098530,NULL,1000015685,1037098531,"S         "
1000006986,1037098542,1037098542,NULL,1000015685,1037098543,"S         "
1000006986,1037098569,1037098569,NULL,1000015685,1037098570,"S         "
1000006986,1037098587,1037098587,NULL,1000015685,1037098588,"S         "
1000006986,1037098605,1037098605,NULL,1000015685,1037098606,"S         "
1000006986,1037098629,1037098629,NULL,1000015685,1037098630,"S         "
1000012497,1025263608,1025263608,NULL,1000012499,1025263609,"S         "
1000012497,1025263608,1025263608,NULL,1000012499,1025655122,"S         "
1000012497,1025263608,1025263608,NULL,1000012499,1028426805,"S         "
1000012497,1025263608,1025263608,NULL,1000012499,1029905014,"S         "
1000012497,1025263821,1025263821,NULL,1000012499,1025263822,"S         "
1000012497,1025264105,1025264105,NULL,1000012499,1025264106,"S         "
1000012497,1025264105,1025264105,NULL,1000012499,1026615202,"S         "
1000012497,1025264524,1025264524,NULL,1000012499,1025264525,"S         "
1000012497,1025264524,1025264524,NULL,1000012499,1025655612,"S         "
1000012497,1025264524,1025264524,NULL,1000012499,1027010057,"S         "
1000012497,1025264741,1025264741,NULL,1000012499,1025264742,"S         "
1000012497,1025264822,1025264822,NULL,1000012499,1025264823,"S         "
1000012497,1025264822,1025264822,NULL,1000012499,1026615710,"S         "
1000012497,1025324606,1025324606,NULL,1000012499,1025324607,"S         "
1000012497,1025428972,1025428972,NULL,1000012499,1025428973,"S         "
1000012497,1025447499,1025447499,NULL,1000012499,1025447500,"S         "
1000012497,1025456659,1025456659,NULL,1000012499,1025456661,"S         "
1000012497,1025456724,1025456724,NULL,1000012499,1025456725,"S         "
1000012497,1025456726,1025456726,NULL,1000012499,1025456728,"S         "
1000012497,1025456754,1025456754,NULL,1000012499,1025456755,"S         "
1000012497,1025456775,1025456775,NULL,1000012499,1025456776,"S         "
1000012497,1025456792,1025456792,NULL,1000012499,1025456793,"S         "
1000012497,1025458369,1025458369,NULL,1000012499,1025458371,"S         "
1000012497,1025460164,1025460164,NULL,1000012499,1025460165,"S         "
1000012497,1025460164,1025460164,NULL,1000012499,1026226310,"S         "
1000012497,1025620958,1025620958,NULL,1000012499,1025620959,"S         "
1000012497,1025646715,1025646715,NULL,1000012499,1025646716,"S         "
1000012497,1025646715,1025646715,NULL,1000012499,1034976968,"S         "
1000012497,1025649410,1025649410,NULL,1000012499,1025649411,"S         "
1000012497,1025649410,1025649410,NULL,1000012499,1026044769,"S         "
1000012497,1025649410,1025649410,NULL,1000012499,1027520108,"S         "
1000012497,1025649847,1025649847,NULL,1000012499,1025649848,"S         "
1000012497,1025650165,1025650165,NULL,1000012499,1025650166,"S         "
1000012497,1025650165,1025650165,NULL,1000012499,1025846491,"S         "
1000012497,1025650468,1025650468,NULL,1000012499,1025650469,"S         "
1000012497,1025650839,1025650839,NULL,1000012499,1025650840,"S         "
1000012497,1025650839,1025650839,NULL,1000012499,1025846378,"S         "
1000012497,1025651807,1025651807,NULL,1000012499,1025651808,"S         "
1000012497,1025655030,1025655030,NULL,1000012499,1025655031,"S         "
1000012497,1025655199,1025655199,NULL,1000012499,1025655200,"S         "
1000012497,1025655386,1025655386,NULL,1000012499,1025655387,"S         "
1000012497,1025655752,1025655752,NULL,1000012499,1025655753,"S         "
1000012497,1025655752,1025655752,NULL,1000012499,1027210118,"S         "
1000012497,1025655752,1025655752,NULL,1000012499,1027749417,"S         "
1000012497,1025843857,1025843857,NULL,1000012499,1025843858,"S         "
1000012497,1025850644,1025850644,NULL,1000012499,1025850645,"S         "
1000012497,1025850747,1025850747,NULL,1000012499,1025850748,"S         "
1000012497,1025938166,1025938166,NULL,1000012499,1025938167,"S         "
1000012497,1025938217,1025938217,NULL,1000012499,1025938218,"S         "
1000012497,1026000385,1026000385,NULL,1000012499,1026000386,"S         "
1000012497,1026026373,1026026373,NULL,1000012499,1026026374,"S         "
1000012497,1026040230,1026040230,NULL,1000012499,1026040232,"S         "
1000012497,1026043132,1026043132,NULL,1000012499,1026043134,"S         "
1000012497,1026043132,1026043132,NULL,1000012499,1027008482,"S         "
1000012497,1026043630,1026043630,NULL,1000012499,1026043632,"S         "
1000012497,1026179866,1026179866,NULL,1000012499,1026179867,"S         "
1000012497,1026179866,1026179866,NULL,1000012499,1037688164,"S         "
1000012497,1026212958,1026212958,NULL,1000012499,1026212959,"S         "
1000012497,1026213706,1026213706,NULL,1000012499,1026213708,"S         "
1000012497,1026215109,1026215109,NULL,1000012499,1026215110,"S         "
1000012497,1026215109,1026215109,NULL,1000012499,1038873382,"S         "
1000012497,1026223662,1026223662,NULL,1000012499,1026223663,"S         "
1000012497,1026223662,1026223662,NULL,1000012499,1038621311,"S         "
1000012497,1026227359,1026227359,NULL,1000012499,1026227360,"S         "
1000012497,1026228741,1026228741,NULL,1000012499,1026228742,"S         "
1000012497,1026228741,1026228741,NULL,1000012499,1026416264,"S         "
1000012497,1026237786,1026237786,NULL,1000012499,1026237787,"S         "
1000012497,1026238093,1026238093,NULL,1000012499,1026238094,"S         "
1000012497,1026238093,1026238093,NULL,1000012499,1027948708,"S         "
1000012497,1026379650,1026379650,NULL,1000012499,1026379652,"S         "
1000012497,1026379650,1026379650,NULL,1000012499,1027883552,"S         "
1000012497,1026394064,1026394064,NULL,1000012499,1026394065,"S         "
1000012497,1026416341,1026416341,NULL,1000012499,1026416342,"S         "
1000012497,1026416341,1026416341,NULL,1000012499,1027513552,"S         "
1000012497,1026416834,1026416834,NULL,1000012499,1026416835,"S         "
1000012497,1026421341,1026421341,NULL,1000012499,1026421342,"S         "
1000012497,1026425020,1026425020,NULL,1000012499,1026425021,"S         "
1000012497,1026425020,1026425020,NULL,1000012499,1028426532,"S         "
1000012497,1026425020,1026425020,NULL,1000012499,1028776322,"S         "
1000012497,1026425217,1026425217,NULL,1000012499,1026425218,"S         "
1000012497,1026538593,1026538593,NULL,1000012499,1026538594,"S         "
1000012497,1026538593,1026538593,NULL,1000012499,1042630396,"S         "
1000012497,1026557304,1026557304,NULL,1000012499,1026557306,"S         "
1000012497,1026581558,1026581558,NULL,1000012499,1026581559,"S         "
1000012497,1026581558,1026581558,NULL,1000012499,1030084081,"S         "
1000012497,1026581973,1026581973,NULL,1000012499,1026581974,"S         "
1000012497,1026582158,1026582158,NULL,1000012499,1026582159,"S         "
1000012497,1026597498,1026597498,NULL,1000012499,1026597500,"S         "
1000012497,1026597498,1026597498,NULL,1000012499,1028942800,"S         "
1000012497,1026597498,1026597498,NULL,1000012499,1038612713,"S         "
1000012497,1026608741,1026608741,NULL,1000012499,1026608742,"S         "
1000012497,1026615089,1026615089,NULL,1000012499,1026615090,"S         "
1000012497,1026615285,1026615285,NULL,1000012499,1026615286,"S         "
1000012497,1026615348,1026615348,NULL,1000012499,1026615349,"S         "
1000012497,1026615348,1026615348,NULL,1000012499,1027948554,"S         "
1000012497,1026615479,1026615479,NULL,1000012499,1026615482,"S         "
1000012497,1026615584,1026615584,NULL,1000012499,1026615585,"S         "
1000012497,1026615584,1026615584,NULL,1000012499,1028286290,"S         "
1000012497,1026615754,1026615754,NULL,1000012499,1026615755,"S         "
1000012497,1026615867,1026615867,NULL,1000012499,1026615869,"S         "
1000012497,1026616457,1026616457,NULL,1000012499,1026616458,"S         "
1000012497,1026684106,1026684106,NULL,1000012499,1026684107,"S         "
1000012497,1026758028,1026758028,NULL,1000012499,1026758029,"S         "
1000012497,1026768949,1026768949,NULL,1000012499,1026768950,"S         "
1000012497,1026769487,1026769487,NULL,1000012499,1026769488,"S         "
1000012497,1026770640,1026770640,NULL,1000012499,1026770641,"S         "
1000012497,1026771094,1026771094,NULL,1000012499,1026771098,"S         "
1000012497,1026811583,1026811583,NULL,1000012499,1026811584,"S         "
1000012497,1026812332,1026812332,NULL,1000012499,1026812334,"S         "
1000012497,1026812332,1026812332,NULL,1000012499,1027551740,"S         "
1000012497,1026812332,1026812332,NULL,1000012499,1029722640,"S         "
1000012497,1026812432,1026812432,NULL,1000012499,1026812433,"S         "
1000012497,1026812610,1026812610,NULL,1000012499,1026812612,"S         "
1000012497,1026812610,1026812610,NULL,1000012499,1027011069,"S         "
1000012497,1026813194,1026813194,NULL,1000012499,1026813195,"S         "
1000012497,1026813439,1026813439,NULL,1000012499,1026813440,"S         "
1000012497,1026813485,1026813485,NULL,1000012499,1026813486,"S         "
1000012497,1026935870,1026935870,NULL,1000012499,1026935871,"S         "
1000012497,1026967819,1026967819,NULL,1000012499,1026967821,"S         "
1000012497,1026967996,1026967996,NULL,1000012499,1026967997,"S         "
1000012497,1026968564,1026968564,NULL,1000012499,1026968565,"S         "
1000012497,1026968564,1026968564,NULL,1000012499,1027354226,"S         "
1000012497,1026969190,1026969190,NULL,1000012499,1026969191,"S         "
1000012497,1026969853,1026969853,NULL,1000012499,1026969856,"S         "
1000012497,1026969853,1026969853,NULL,1000012499,1029135737,"S         "
1000012497,1026987204,1026987204,NULL,1000012499,1026987206,"S         "
1000012497,1027010455,1027010455,NULL,1000012499,1027010456,"S         "
1000012497,1027010455,1027010455,NULL,1000012499,1031243238,"S         "
1000012497,1027010664,1027010664,NULL,1000012499,1027010666,"S         "
1000012497,1027010664,1027010664,NULL,1000012499,1027209600,"S         "
1000012497,1027155974,1027155974,NULL,1000012499,1027155976,"S         "
1000012497,1027166353,1027166353,NULL,1000012499,1027166354,"S         "
1000012497,1027166353,1027166353,NULL,1000012499,1028586098,"S         "
1000012497,1027172100,1027172100,NULL,1000012499,1027172101,"S         "
1000012497,1027172783,1027172783,NULL,1000012499,1027172787,"S         "
1000012497,1027172783,1027172783,NULL,1000012499,1029274791,"S         "
1000012497,1027205116,1027205116,NULL,1000012499,1027205118,"S         "
1000012497,1027206043,1027206043,NULL,1000012499,1027206044,"S         "
1000012497,1027206271,1027206271,NULL,1000012499,1027206278,"S         "
1000012497,1027206454,1027206454,NULL,1000012499,1027206455,"S         "
1000012497,1027207645,1027207645,NULL,1000012499,1027207647,"S         "
1000012497,1027209378,1027209378,NULL,1000012499,1027209380,"S         "
1000012497,1027209560,1027209560,NULL,1000012499,1027209561,"S         "
1000012497,1027209739,1027209739,NULL,1000012499,1027209740,"S         "
1000012497,1027209885,1027209885,NULL,1000012499,1027209886,"S         "
1000012497,1027210320,1027210320,NULL,1000012499,1027210321,"S         "
1000012497,1027334439,1027334439,NULL,1000012499,1027334440,"S         "
1000012497,1027341042,1027341042,NULL,1000012499,1027341044,"S         "
1000012497,1027349852,1027349852,NULL,1000012499,1027349853,"S         "
1000012497,1027349852,1027349852,NULL,1000012499,1033235627,"S         "
1000012497,1027349852,1027349852,NULL,1000012499,1033659921,"S         "
1000012497,1027354694,1027354694,NULL,1000012499,1027354695,"S         "
1000012497,1027354971,1027354971,NULL,1000012499,1027354972,"S         "
1000012497,1027355112,1027355112,NULL,1000012499,1027355113,"S         "
1000012497,1027355112,1027355112,NULL,1000012499,1027552077,"S         "
1000012497,1027355112,1027355112,NULL,1000012499,1028777004,"S         "
1000012497,1027355422,1027355422,NULL,1000012499,1027355424,"S         "
1000012497,1027355651,1027355651,NULL,1000012499,1027355653,"S         "
1000012497,1027355651,1027355651,NULL,1000012499,1029155718,"S         "
1000012497,1027355907,1027355907,NULL,1000012499,1027355908,"S         "
1000012497,1027480076,1027480076,NULL,1000012499,1027480078,"S         "
1000012497,1027480321,1027480321,NULL,1000012499,1027480322,"S         "
1000012497,1027480591,1027480591,NULL,1000012499,1027480592,"S         "
1000012497,1027513843,1027513843,NULL,1000012499,1027513845,"S         "
1000012497,1027513843,1027513843,NULL,1000012499,1028382173,"S         "
1000012497,1027515155,1027515155,NULL,1000012499,1027515156,"S         "
1000012497,1027515155,1027515155,NULL,1000012499,1027937332,"S         "
1000012497,1027516550,1027516550,NULL,1000012499,1027516551,"S         "
1000012497,1027519076,1027519076,NULL,1000012499,1027519077,"S         "
1000012497,1027519076,1027519076,NULL,1000012499,1031213913,"S         "
1000012497,1027519076,1027519076,NULL,1000012499,1031770045,"S         "
1000012497,1027519076,1027519076,NULL,1000012499,1032323317,"S         "
1000012497,1027519076,1027519076,NULL,1000012499,1034277346,"S         "
1000012497,1027519699,1027519699,NULL,1000012499,1027519700,"S         "
1000012497,1027551928,1027551928,NULL,1000012499,1027551929,"S         "
1000012497,1027551928,1027551928,NULL,1000012499,1028968618,"S         "
1000012497,1027613990,1027613990,NULL,1000012499,1027613991,"S         "
1000012497,1027671112,1027671112,NULL,1000012499,1027671113,"S         "
1000012497,1027699759,1027699759,NULL,1000012499,1027699760,"S         "
1000012497,1027704644,1027704644,NULL,1000012499,1027704645,"S         "
1000012497,1027704644,1027704644,NULL,1000012499,1028273030,"S         "
1000012497,1027704644,1027704644,NULL,1000012499,1029686520,"S         "
1000012497,1027708209,1027708209,NULL,1000012499,1027708213,"S         "
1000012497,1027709667,1027709667,NULL,1000012499,1027709668,"S         "
1000012497,1027709667,1027709667,NULL,1000012499,1033232940,"S         "
1000012497,1027709667,1027709667,NULL,1000012499,1043835219,"S         "
1000012497,1027709667,1027709667,NULL,1000012499,1044078631,"S         "
1000012497,1027709667,1027709667,NULL,1000012499,1059039620,"S         "
1000012497,1027735150,1027735150,NULL,1000012499,1027735151,"S         "
1000012497,1027738596,1027738596,NULL,1000012499,1027738597,"S         "
1000012497,1027739585,1027739585,NULL,1000012499,1027739586,"S         "
